Year,HR,T
1989,3.516483516,1
1990,3.685092127,2
1991,4.01459854,3
1992,4.778761062,4
1993,7.731958763,5
1994,9.237875289,6
1995,6.538461538,7
1996,8.990825688,8
1997,9.210526316,9
1998,8.846761453,10
1999,7.920792079,11
2000,7.692307692,12
2001,6.043956044,13
2002,4.060913706,14
2003,7.831325301,15
2004,6.666666667,16
2005,7.128309572,17
2006,6.308411215,18
2007,5.681818182,19
2008,3.673469388,20
2009,4.909560724,21