Feature,Importance
feature_1,0.36098542009872525
feature_2,0.24423164996594257
feature_7,0.13397016807703768
feature_8,0.103747345977419
feature_3,0.0735206153984879
feature_4,0.043912241870828615
feature_9,0.017460267263268214
feature_6,0.01144817182787984
feature_5,0.008296349679875768
feature_10,0.002427769840535118
